Orchestration architecture,Orchestration algorithm,Edge devices count,Tasks execution delay (s),Average execution delay (s),Tasks waiting time (s),Average waiting time (s),Tasks total time (s),Average total time (s),Tasks wasted execution delay (s),Average wasted execution delay (s),Tasks wasted waiting time (s),Average wasted waiting time (s),Tasks wasted total time (s),Average wasted total time (s),Average real total time (s),Generated tasks,Tasks successfully executed,Task not executed (No resources available or long waiting time),Tasks failed (delay),Tasks failed (device dead),Tasks failed (mobility),Tasks not generated due to the death of devices,Total tasks executed (Cloud),Tasks successfully executed (Cloud),Total tasks executed (Edge),Tasks successfully executed (Edge),Total tasks executed (Mist),Tasks successfully executed (Mist),Tasks success rate,Network usage (s),Wan usage (s),Lan usage (s), Total network traffic (MBytes), Containers wan usage (s), Containers lan usage (s),Average bandwidth per task (Mbps),Average VM CPU usage (%),Average VM CPU usage (Cloud) (%),Average VM CPU usage (Edge) (%),Average VM CPU usage (Mist) (%),Energy consumption (W),Average energy consumption (W/Data center),Cloud energy consumption (W),Average Cloud energy consumption (W/Data center),Edge energy consumption (W),Average Edge energy consumption (W/Data center),Mist energy consumption (W),Average Mist energy consumption (W/Device),Dead devices count,Average remaining power (Wh),Average remaining power (%), First edge device death time (s),List of remaining power (%) (only battery powered devices / 0 = dead),List of the time when each device died (s)
ALL,PYTHON_NEURAL_NET,100,63061.7313,1.6807,2901.8927,0.0773,65963.624,1.758,5018.2613,1.1897,519.0334,0.1231,5537.2946,1.3128,1.713,42000,35217,2521,4218,0,44,0,7507,6764,12132,10990,19840,17463,83.85,18085.336512821923,7798.867897436016,18085.336512821923,161255.69999998418,0.0,0.0,526.1579582529481,37.4907,8.6244,3.8382,40.2153,2068186.8702,19697.0178,2.0799,2.0799,2.8929,0.7232,2068181.8974,20681.819,0,0,0,-1.0,[],[]
ALL,PYTHON_NEURAL_NET,200,175368.6702,2.2586,3193.6006,0.0411,178562.2708,2.2997,14557.8153,1.5805,14373.3514,1.5605,28931.1667,3.1409,2.3889,84000,73235,1462,9211,0,92,0,8606,7389,28545,25688,45387,40158,87.18452380952381,23682.079282053684,10821.86820512825,23682.079282053684,340909.8499993739,0.0,0.0,524.2214641048865,49.6776,6.1537,4.298,51.5529,1770455.185,8636.3668,1.4596,1.4596,2.7976,0.6994,1770450.9278,8852.2546,0,0,0,-1.0,[],[]
ALL,PYTHON_NEURAL_NET,300,187793.912,1.5533,14049.3258,0.1162,201843.2378,1.6695,20974.4184,1.7921,67272.973,5.7479,88247.3914,7.5399,2.1877,126000,114101,88,11704,0,107,0,31245,27707,50812,46505,43855,39889,90.55634920634921,83427.41323076848,34406.723384616496,83427.41323076848,648538.5500000763,0.0,0.0,358.3191463172804,13.4905,4.1167,5.0468,13.7302,7508452.2403,24617.8762,2.8437,2.8437,15.2103,3.8026,7508434.1863,25028.114,0,0,0,-1.0,[],[]
ALL,PYTHON_NEURAL_NET,400,200297.2054,1.2829,28002.7863,0.1794,228299.9917,1.4622,42382.9477,2.2018,216792.4745,11.2625,259175.4221,13.4644,2.7795,168000,148530,119,19249,0,102,0,52812,48388,62259,57631,52810,42511,88.41071428571429,135959.80697428997,52471.23558974382,135959.80697428997,873786.650002161,0.0,0.0,311.10078004363265,30.2174,15.2924,17.2112,30.4964,9226988.0674,22782.6866,3.3122,3.3122,18.8743,4.7186,9226965.8809,23067.4147,0,0,0,-1.0,[],[]
ALL,PYTHON_NEURAL_NET,500,338652.2026,1.7442,36950.0643,0.1903,375602.2668,1.9345,58393.7628,2.2658,22442.8079,0.8708,80836.5707,3.1366,2.0753,210000,184023,15,25772,0,190,0,61843,58548,68794,64400,79348,61075,87.63,161695.29497422883,59456.96420512751,161695.29497422883,1078675.000004364,0.0,0.0,355.19805709446274,54.215,22.0787,20.546,54.771,7671017.363,15190.1334,3.1027,3.1027,15.3429,3.8357,7670998.9174,15341.9978,0,0,0,-1.0,[],[]
ALL,PYTHON_NEURAL_NET,600,289506.5426,1.2531,42683.747,0.1847,332190.2896,1.4378,61071.1256,1.8717,1806.7788,0.0554,62877.9045,1.9271,1.4984,252000,219162,0,32628,0,210,0,75052,71438,83567,75533,93381,72191,86.96904761904761,199240.75476907488,77914.40738461721,199240.75476907488,1318954.8500069233,0.0,0.0,360.76366610996325,45.0469,25.1972,19.0178,45.3912,6786126.079,11216.7373,3.339,3.339,12.9794,3.2449,6786109.7605,11310.1829,0,0,0,-1.0,[],[]
ALL,PYTHON_NEURAL_NET,700,372824.492,1.3759,40025.7018,0.1477,412850.1938,1.5236,68370.1176,1.8122,1498.9295,0.0397,69869.0471,1.852,1.5637,294000,255987,0,37727,0,286,0,71528,68501,93736,83373,128736,104113,87.07040816326531,225260.87815367838,103727.52276923257,225260.87815367838,1536585.1000095066,0.0,0.0,423.7277689893328,49.2977,26.1985,13.8067,49.6907,4727331.3032,6705.4345,3.8098,3.8098,7.5585,1.8896,4727319.9349,6753.3142,0,0,0,-1.0,[],[]
ALL,PYTHON_NEURAL_NET,800,394209.5627,1.2727,60399.6347,0.195,454609.1974,1.4678,77196.5386,1.7713,3026.6759,0.0694,80223.2145,1.8407,1.5138,336000,292148,0,43582,0,270,0,97376,92209,104410,93033,134214,106906,86.94880952380953,293421.43056393,137543.5837948709,293421.43056393,1766832.450012136,0.0,0.0,385.2878374025826,45.8001,32.9657,15.9415,46.0757,5540590.498,6882.7211,4.4097,4.4097,8.9146,2.2287,5540577.1737,6925.7215,0,0,0,-1.0,[],[]
ALL,PYTHON_NEURAL_NET,900,407770.3189,1.1761,78079.007,0.2252,485849.3259,1.4013,94343.9091,1.8593,3687.4284,0.0727,98031.3375,1.932,1.469,378000,326958,0,50741,0,301,0,110692,105955,113524,100520,153784,120483,86.4968253968254,368031.70676922036,174505.56153846165,368031.70676922036,1978756.3000146637,0.0,0.0,387.58376388140823,44.0264,37.4465,16.9838,44.2389,5986487.109,6614.9029,5.0038,5.0038,9.3929,2.3482,5986472.7123,6651.6363,0,0,0,-1.0,[],[]
ALL,PYTHON_NEURAL_NET,1000,489418.2501,1.2673,98953.0638,0.2562,588371.3139,1.5236,101313.3851,1.8296,5569.5828,0.1006,106882.9678,1.9302,1.5746,420000,364263,0,55374,0,363,0,124835,118633,129109,115217,166056,130413,86.72928571428571,457522.9307692875,215843.56123075885,457522.9307692875,2205409.9500121367,0.0,0.0,372.07007508126947,46.4432,41.8608,19.3663,46.6314,6762464.8431,6728.8207,5.5396,5.5396,10.7233,2.6808,6762448.5802,6762.4486,0,0,0,-1.0,[],[]
ALL,ROUND_ROBIN,100,58432.117,1.4538,1008.558,0.0251,59440.675,1.4788,4818.5503,1.1693,77.97,0.0189,4896.5203,1.1882,1.4518,42000,37849,0,4121,0,30,0,4960,4571,19802,17865,17238,15413,90.11666666666666,18269.09230768837,6311.686769230743,18269.09230768837,194427.5499999175,0.0,0.0,468.75942951852693,35.7239,7.1627,8.122,38.0401,3409019.6207,32466.8535,1.7912,1.7912,6.4056,1.6014,3409011.424,34090.1142,0,0,0,-1.0,[],[]
ALL,ROUND_ROBIN,200,152202.0931,1.937,2608.5649,0.0332,154810.6581,1.9702,14267.5342,1.4729,410.785,0.0424,14678.3192,1.5153,1.9203,84000,74209,0,9687,0,104,0,6757,6171,27008,24134,50235,43904,88.34404761904761,43963.512205156665,16889.758051282228,43963.512205156665,415859.3499993273,0.0,0.0,618.6021141191445,48.8687,9.2573,11.1582,50.4559,4648514.1995,22675.679,2.31,2.31,8.8667,2.2167,4648503.0228,23242.5151,0,0,0,-1.0,[],[]
ALL,ROUND_ROBIN,300,265228.3712,2.2626,4192.9754,0.0358,269421.3466,2.2983,29526.2341,1.9704,3659.5478,0.2442,33185.7819,2.2146,2.2889,126000,110822,0,14985,0,193,0,7760,7106,31040,28221,87200,75495,87.95396825396826,66408.61579493662,27205.546564102533,66408.61579493662,622822.5499998444,0.0,0.0,679.601863891443,62.223,9.8852,11.7103,63.6363,4818295.2845,15797.6895,2.4361,2.4361,9.1486,2.2872,4818283.6998,16060.9457,0,0,0,-1.0,[],[]
ALL,ROUND_ROBIN,400,377667.2604,2.4578,9024.1898,0.0587,386691.4502,2.5166,54193.612,2.4532,33097.9318,1.4983,87291.5438,3.9515,2.6969,168000,145487,0,22091,0,422,0,8416,7746,33624,30760,125960,106981,86.59940476190476,96538.07671787834,39703.83917948722,96538.07671787834,853275.7500018905,0.0,0.0,708.1024568369419,64.2438,10.6971,13.4791,65.313,5565658.7922,13742.3674,2.657,2.657,10.7243,2.6811,5565645.4108,13914.1135,0,0,0,-1.0,[],[]
ALL,ROUND_ROBIN,500,498884.7493,2.594,11847.5622,0.0616,510732.3116,2.6556,70968.1843,2.5256,145787.0498,5.1883,216755.2342,7.714,3.3005,210000,181385,0,28099,0,516,0,8851,8005,35392,32608,165757,140772,86.37380952380953,117369.33702548919,49901.15087179477,117369.33702548919,1064734.600003912,0.0,0.0,740.2430223384475,64.8492,9.217,11.7614,65.7425,5602303.1456,11093.6696,2.6382,2.6382,10.831,2.7078,5602289.6764,11204.5794,0,0,0,-1.0,[],[]
ALL,ROUND_ROBIN,600,598662.6975,2.6206,17757.1158,0.0777,616419.8133,2.6983,97475.1744,2.7131,84052.6401,2.3395,181527.8145,5.0527,3.0183,252000,215437,0,35927,0,636,0,9216,8498,36864,33784,205920,173155,85.49087301587302,157981.09558933982,69024.03158974391,157981.09558933982,1281165.5000064834,0.0,0.0,771.3556757502346,69.2349,12.0617,14.5588,70.0013,6094587.6754,10073.6986,3.0296,3.0296,11.6229,2.9057,6094573.0229,10157.6217,0,0,0,-1.0,[],[]
ALL,ROUND_ROBIN,700,674060.4757,2.5586,20695.2629,0.0786,694755.7386,2.6371,143307.9258,3.1836,178373.9167,3.9626,321681.8425,7.1463,3.2951,294000,248197,0,45014,0,789,0,9424,8577,37674,34650,246902,204970,84.42074829931973,162140.61948668814,70300.82441025655,162140.61948668814,1482948.9000089446,0.0,0.0,795.6097817537508,70.8998,10.8232,15.1065,71.5743,6134174.3746,8700.9566,2.6539,2.6539,12.0935,3.0234,6134159.6272,8763.0852,0,0,0,-1.0,[],[]
ALL,ROUND_ROBIN,800,726332.9134,2.4524,17065.7658,0.0576,743398.6792,2.5101,233141.9933,4.1543,457302.9712,8.1487,690444.9644,12.303,4.0701,336000,278919,0,56120,0,961,0,9616,8840,38431,34266,287953,235813,83.01160714285714,235898.94194790768,112489.7047179489,235898.94194790768,1680326.6500113518,0.0,0.0,821.8954709456826,70.712,13.6571,12.4285,71.3166,5805972.9865,7212.3888,3.7252,3.7252,10.2328,2.5582,5805959.0285,7257.4488,0,0,0,-1.0,[],[]
ALL,ROUND_ROBIN,900,889390.8591,2.6544,27325.0953,0.0816,916715.9544,2.736,215302.4588,3.4743,276983.2671,4.4696,492285.7259,7.9439,3.5489,378000,314998,0,61970,0,1032,0,9762,8961,39040,35946,329198,270091,83.33280423280424,240829.6314862081,110317.19302564082,240829.6314862081,1922173.7500140239,0.0,0.0,809.2863224604939,71.9432,12.3756,15.4401,72.4721,6695622.5461,7398.478,3.2245,3.2245,12.8722,3.218,6695606.4495,7439.5627,0,0,0,-1.0,[],[]
ALL,ROUND_ROBIN,1000,1044722.6551,2.7748,32362.5208,0.086,1077085.1759,2.8608,181200.0479,2.8065,136500.672,2.1142,317700.7199,4.9207,3.1623,420000,354292,0,64564,0,1144,0,9890,8937,39552,36242,370558,309113,84.3552380952381,296010.31692258024,138035.44215384542,296010.31692258024,2165574.7500136513,0.0,0.0,795.631369906587,71.635,13.9269,15.6008,72.1047,6812865.238,6778.9704,3.6194,3.6194,12.7587,3.1897,6812848.8599,6812.8489,0,0,0,-1.0,[],[]
ALL,TRADE_OFF,100,25160.1894,0.6215,1961.4537,0.0484,27121.6431,0.6699,1833.8406,0.4645,158.577,0.0402,1992.4176,0.5047,0.6552,42000,38040,0,3948,0,12,0,6170,5638,29632,26929,6198,5473,90.57142857142857,28151.159384615257,8803.726461538576,28151.159384615257,216296.6999998717,0.0,0.0,244.146484334669,8.8897,8.7629,11.5361,8.7153,4660618.6915,44386.8447,2.1892,2.1892,9.017,2.2543,4660607.4853,46606.0749,0,0,0,-1.0,[],[]
ALL,TRADE_OFF,200,67251.1306,0.8407,7017.7884,0.0877,74268.919,0.9284,3977.4179,0.5086,576.2692,0.0737,4553.6871,0.5823,0.8976,84000,76138,0,7820,0,42,0,10577,9656,50801,46033,22622,20449,90.64047619047619,90795.5784615211,29999.689538461884,90795.5784615211,444485.44999922276,0.0,0.0,333.9333666534009,18.0996,15.1069,20.6578,18.0392,8334970.8381,40658.3943,3.7755,3.7755,16.2654,4.0664,8334950.7972,41674.754,0,0,0,-1.0,[],[]
ALL,TRADE_OFF,300,111235.1178,0.9132,14872.2457,0.1221,126107.3635,1.0353,7475.3661,0.6776,1245.7411,0.1129,8721.1072,0.7905,1.015,126000,114899,0,11032,0,69,0,13968,12829,67027,61591,45005,40479,91.18968253968254,169201.85476912308,58366.49230769271,169201.85476912308,662961.2000001827,0.0,0.0,410.42819839668516,23.1598,19.3869,27.1111,23.093,10880090.197,35672.4269,4.8233,4.8233,21.337,5.3343,10880064.0366,36266.8801,0,0,0,-1.0,[],[]
ALL,TRADE_OFF,400,166861.9585,1.0416,23492.1215,0.1466,190354.08,1.1882,11952.789,0.754,1909.7331,0.1205,13862.522,0.8745,1.16,168000,152024,0,15852,0,124,0,16752,15290,80384,73094,70864,63640,90.49047619047619,261414.1153843628,93983.05630769285,261414.1153843628,887764.6000021431,0.0,0.0,452.0363088076328,28.6419,23.4702,32.4468,28.6001,13124110.2033,32405.2104,5.8846,5.8846,25.6712,6.4178,13124078.6475,32810.1966,0,0,0,-1.0,[],[]
ALL,TRADE_OFF,500,225034.2281,1.1145,28766.9931,0.1425,253801.2212,1.2569,16887.1179,0.8479,2544.6911,0.1278,19431.809,0.9757,1.2317,210000,189911,0,19916,0,173,0,18800,17149,90242,82695,100958,90067,90.43380952380953,312358.4492307297,112514.92800000036,312358.4492307297,1108499.500004348,0.0,0.0,484.42719604937184,33.356,22.9135,34.4726,33.3759,13571125.1834,26873.5152,5.6085,5.6085,27.022,6.7555,13571092.5529,27142.1851,0,0,0,-1.0,[],[]
ALL,TRADE_OFF,600,286676.0136,1.1947,40196.094,0.1675,326872.1076,1.3622,22337.5695,0.906,4364.5654,0.177,26702.1349,1.083,1.3362,252000,227104,0,24656,0,240,0,20560,18874,98710,90071,132730,118159,90.12063492063493,451298.7853339481,171373.27733333458,451298.7853339481,1336998.250007094,0.0,0.0,518.4306518468846,36.3615,28.4308,40.025,36.3428,16152539.6606,26698.4127,7.1152,7.1152,31.7218,7.9304,16152500.8236,26920.8347,0,0,0,-1.0,[],[]
ALL,TRADE_OFF,700,350058.6112,1.2464,45922.8637,0.1635,395981.4749,1.4099,27864.0369,0.9456,5417.3424,0.1838,33281.3793,1.1294,1.3833,294000,264254,0,29467,0,279,0,22064,20276,105918,96198,166018,147780,89.88231292517007,550823.0483089662,216912.35784615294,550823.0483089662,1557105.250009856,0.0,0.0,540.7261510378952,39.2919,30.6479,41.7889,39.2887,16897557.4067,23968.1665,7.6765,7.6765,32.9516,8.2379,16897516.7787,24139.3097,0,0,0,-1.0,[],[]
ALL,TRADE_OFF,800,408174.8353,1.2756,51206.7225,0.16,459381.5578,1.4357,32876.8789,0.9758,4996.8445,0.1483,37873.7234,1.1241,1.406,336000,301924,0,33693,0,383,0,23328,21474,112000,102141,200672,178309,89.85833333333333,660874.7528229693,263397.5451282057,660874.7528229693,1784633.950012592,0.0,0.0,561.8721463740076,40.8634,32.5522,44.6192,40.8494,18061680.2691,22436.8699,8.1633,8.1633,35.2635,8.8159,18061636.8423,22577.0461,0,0,0,-1.0,[],[]
ALL,TRADE_OFF,900,474571.6178,1.3186,57680.8529,0.1603,532252.4707,1.4789,39324.0164,1.0154,5535.223,0.1429,44859.2394,1.1583,1.4478,378000,338827,0,38727,0,446,0,24416,22354,117186,106232,236398,210241,89.63677248677249,747270.275695855,305190.0246153816,747270.275695855,2005721.7000153575,0.0,0.0,578.6328494455192,43.125,33.6329,45.8003,43.1227,18493742.7749,20435.0749,8.41,8.41,36.0555,9.0139,18493698.3095,20548.5537,0,0,0,-1.0,[],[]
ALL,TRADE_OFF,1000,534133.2132,1.3372,69471.5961,0.1739,603604.8093,1.5111,44806.6858,1.0378,6385.092,0.1479,51191.7779,1.1857,1.4794,420000,376264,0,43175,0,561,0,25376,23411,121801,110779,272823,242074,89.58666666666667,843938.1018509663,342022.391076923,843938.1018509663,2232965.7500116928,0.0,0.0,595.470294023677,44.0886,34.0446,49.6414,44.0683,19910752.4353,19811.694,8.4869,8.4869,39.3852,9.8463,19910704.5631,19910.7046,0,0,0,-1.0,[],[]
ALL,TEST,100,18511.2945,0.4566,1538.4411,0.0379,20049.7355,0.4946,796.5532,0.2104,496.8,0.1313,1293.3532,0.3417,0.4815,42000,38215,0,3785,0,0,0,8995,6511,32938,31637,67,67,90.98809523809524,32436.636102560442,12181.80656410269,32436.636102560442,219634.09999986461,0.0,0.0,89.4219515197434,0.9718,12.3391,12.5839,0.0082,5351040.6768,50962.2922,2.9935,2.9935,9.8729,2.4682,5351027.8104,53510.2781,0,0,0,-1.0,[],[]
ALL,TEST,200,41640.1235,0.5189,7006.9103,0.0873,48647.0338,0.6063,1744.2745,0.2328,389.8659,0.052,2134.1404,0.2849,0.5788,84000,76495,0,7491,0,14,0,16196,14672,54127,48673,13677,13150,91.06547619047619,143931.6913845875,66345.36461538574,143931.6913845875,451161.5499991987,0.0,0.0,243.40992860673956,4.9322,31.6417,19.3529,4.2289,9600931.4896,46833.8121,8.2172,8.2172,14.8675,3.7169,9600908.4048,48004.542,0,0,0,-1.0,[],[]
ALL,TEST,300,67433.0795,0.5488,15862.4975,0.1291,83295.577,0.6779,2670.0215,0.2672,1234.9459,0.1236,3904.9675,0.3908,0.6564,126000,115985,0,9992,0,23,0,22495,19869,66277,60309,37228,35807,92.0515873015873,222768.97497425662,91976.93312820474,222768.97497425662,670828.4500002424,0.0,0.0,351.23154624086453,7.4599,30.2829,30.0093,6.832,13092683.4411,42926.831,7.4648,7.4648,24.0154,6.0039,13092651.9609,43642.1732,0,0,0,-1.0,[],[]
ALL,TEST,400,96730.8735,0.5973,28504.1599,0.176,125235.0334,0.7733,3757.8602,0.2674,1844.6715,0.1313,5602.5317,0.3987,0.7434,168000,153910,0,14051,0,39,0,26033,22761,82720,74643,59247,56506,91.61309523809524,288767.6307691172,108344.434153846,288767.6307691172,902375.3500022438,0.0,0.0,386.400428719707,10.1441,28.1661,38.6137,9.5945,15671848.2592,38695.9216,6.6427,6.6427,31.0389,7.7597,15671810.5776,39179.5264,0,0,0,-1.0,[],[]
ALL,TEST,500,127845.4764,0.625,46452.6009,0.2271,174298.0773,0.8521,5099.9032,0.2886,2932.4099,0.1659,8032.3131,0.4545,0.8205,210000,192254,0,17673,0,73,0,29583,26180,106058,96475,74359,69599,91.5495238095238,518666.27302618197,221023.83825641137,518666.27302618197,1121921.550004519,0.0,0.0,369.7828775561406,13.169,43.1419,37.2874,12.7475,16350454.9614,32377.1385,10.7751,10.7751,28.5384,7.1346,16350415.6479,32700.8313,0,0,0,-1.0,[],[]
ALL,TEST,600,160512.1205,0.6591,62101.1433,0.255,222613.2638,0.9141,6393.4366,0.2955,4598.7145,0.2125,10992.1511,0.508,0.881,252000,230270,0,21639,0,91,0,32930,29131,123104,111230,95966,89909,91.37698412698413,614787.6262574915,256323.04010256432,614787.6262574915,1353338.650007337,0.0,0.0,379.1738348639641,15.1707,42.6167,41.6786,14.7999,17507217.5359,28937.5496,10.4396,10.4396,31.6554,7.9138,17507175.4409,29178.6257,0,0,0,-1.0,[],[]
ALL,TEST,700,193381.7202,0.6762,67303.5043,0.2354,260685.2245,0.9116,7787.2222,0.3132,5172.733,0.208,12959.9552,0.5212,0.8804,294000,269049,0,24867,0,84,0,35215,31222,123656,111561,135129,126266,91.51326530612245,680292.9096425762,286098.12410255946,680292.9096425762,1573120.0500101838,0.0,0.0,411.02126199847436,16.7905,41.4375,44.862,16.4644,18511758.1282,26257.8129,9.9694,9.9694,34.5406,8.6351,18511713.6183,26445.3052,0,0,0,-1.0,[],[]
ALL,TEST,800,215978.8472,0.6668,96636.2766,0.2983,312615.1237,0.9651,9387.3856,0.3139,10037.1417,0.3357,19424.5272,0.6496,0.9384,336000,305964,0,29902,0,134,0,35219,30758,123929,109446,176852,165760,91.06071428571428,945841.3951820867,401949.5988718009,945841.3951820867,1804384.7000129193,0.0,0.0,439.6239393756745,15.6632,49.5778,55.9674,15.2567,23722769.3566,29469.2787,12.3094,12.3094,44.7289,11.1822,23722712.3182,29653.3904,0,0,0,-1.0,[],[]
ALL,TEST,900,245492.0795,0.6743,107560.3093,0.2954,353052.3888,0.9698,11012.5071,0.3162,13750.3083,0.3947,24762.8154,0.7109,0.9471,378000,343015,0,34833,0,152,0,34252,29394,123699,107539,220049,206082,90.744708994709,1123740.047797711,491498.6290256561,1123740.047797711,2023795.400015678,0.0,0.0,455.28528838452905,16.302,53.2171,60.4315,15.9068,25879942.6758,28596.6217,13.3979,13.3979,48.8265,12.2066,25879880.4514,28755.4227,0,0,0,-1.0,[],[]
ALL,TEST,1000,279297.0649,0.6916,111146.422,0.2752,390443.4869,0.9668,12415.6731,0.3181,16383.2238,0.4197,28798.897,0.7378,0.9466,420000,380755,0,39036,0,209,0,34738,29422,121753,103981,263509,247352,90.65595238095239,1253443.3962078418,563557.6195897583,1253443.3962078418,2255223.350011016,0.0,0.0,465.2602061687438,17.394,54.7375,63.4364,17.0248,27219694.8527,27084.2735,13.7981,13.7981,51.647,12.9117,27219629.4076,27219.6294,0,0,0,-1.0,[],[]
ALL,RL_MULTILAYER_DISABLED,100,33599.3477,0.8233,3262.7126,0.0799,36862.0603,0.9033,1068.2238,0.4458,215.3818,0.0899,1283.6055,0.5357,0.8829,42000,39599,0,2396,0,5,0,12143,11201,11147,10200,18710,18198,94.28333333333333,36545.538871799436,16800.701333333644,36545.538871799436,211798.79999994475,0.0,0.0,272.2253429551861,16.7056,23.1008,6.5629,17.2752,4756626.2492,45301.2024,5.9951,5.9951,5.4415,1.3604,4756614.8126,47566.1481,0,0,0,-1.0,[],[]
ALL,RL_MULTILAYER_DISABLED,200,72201.3737,0.8759,9772.5223,0.1186,81973.8961,0.9944,1927.777,0.4656,673.8706,0.1628,2601.6476,0.6284,0.9769,84000,79853,0,4140,0,7,0,20983,19478,22870,21418,40147,38957,95.06309523809524,120324.46307691086,57412.74061538504,120324.46307691086,432446.94999955985,0.0,0.0,323.4448965354296,19.5671,39.8637,14.416,19.5696,9319651.363,45461.714,10.347,10.347,12.0606,3.0152,9319628.9554,46598.1448,0,0,0,-1.0,[],[]
ALL,RL_MULTILAYER_DISABLED,300,108068.5848,0.8883,19337.0504,0.1589,127405.6352,1.0472,3104.207,0.3665,1947.6057,0.2299,5051.8127,0.5964,1.0179,126000,117521,0,8470,0,9,0,27057,24111,37081,34093,61862,59317,93.27063492063492,224712.59179469524,108139.8339487177,224712.59179469524,640790.3999999258,0.0,0.0,346.6249447068131,20.0612,50.2629,23.1305,19.8252,13440600.8116,44067.5436,12.9998,12.9998,19.316,4.829,13440568.4958,44801.895,0,0,0,-1.0,[],[]
ALL,RL_MULTILAYER_DISABLED,400,153825.3424,0.933,34311.7679,0.2081,188137.1103,1.1411,3206.8685,0.3679,3451.6372,0.396,6658.5058,0.7639,1.1222,168000,159261,0,8716,0,23,0,29895,27106,51137,48021,86968,84134,94.79821428571428,361030.35005117446,165788.1069743665,361030.35005117446,851089.9000011921,0.0,0.0,374.61353576125583,22.6038,55.8573,31.9565,22.3094,17136946.7227,42313.4487,14.4797,14.4797,26.7234,6.6808,17136905.5196,42842.2638,0,0,0,-1.0,[],[]
ALL,RL_MULTILAYER_DISABLED,500,182563.279,0.8932,59957.9981,0.2933,242521.2771,1.1865,4851.9013,0.3443,10595.0462,0.7518,15446.9475,1.0961,1.1807,210000,195888,0,14093,0,19,0,34631,30188,66874,62122,108495,103578,93.28,510803.6565128336,227694.49835897586,510803.6565128336,1069351.2000020978,0.0,0.0,360.8772181964014,21.52,63.147,39.234,21.145,20325029.6483,40247.5835,16.3072,16.3072,32.5612,8.1403,20324980.7799,40649.9616,0,0,0,-1.0,[],[]
ALL,RL_MULTILAYER_DISABLED,600,231422.4272,0.9472,83433.4452,0.3415,314855.8725,1.2887,4698.4081,0.3038,16509.2901,1.0677,21207.6982,1.3715,1.2937,252000,236514,0,15463,0,23,0,35114,30131,80374,74953,136512,131430,93.8547619047619,656536.697436881,281130.87774358125,656536.697436881,1279521.15000406,0.0,0.0,398.2508365705977,23.6966,64.2454,47.7583,23.3166,23430011.4637,38727.2917,16.6078,16.6078,39.726,9.9315,23429955.1299,39049.9252,0,0,0,-1.0,[],[]
ALL,RL_MULTILAYER_DISABLED,700,273168.0312,0.9564,109466.8066,0.3833,382634.8378,1.3397,6044.7703,0.3147,27824.9422,1.4488,33869.7125,1.7635,1.3664,294000,274749,0,19206,0,45,0,38459,31830,90864,84606,164677,158313,93.45204081632653,812729.8511813015,350939.6204102748,812729.8511813015,1482941.9500058363,0.0,0.0,424.8859973088745,24.9934,67.7546,51.7499,24.6368,25065259.5047,35553.5596,17.4223,17.4223,42.8432,10.7108,25065199.2392,35807.4275,0,0,0,-1.0,[],[]
ALL,RL_MULTILAYER_DISABLED,800,318768.5047,0.985,132729.2875,0.4101,451497.7922,1.3951,7410.7853,0.3184,53144.9638,2.2835,60555.7491,2.602,1.4761,336000,312683,0,23273,0,44,0,39660,31038,92392,85392,203948,196253,93.06041666666667,941126.4171308804,410652.50820514606,941126.4171308804,1699519.7000072359,0.0,0.0,478.01850228580884,26.2038,70.6141,57.7424,25.8485,27641902.2543,34337.7668,18.1658,18.1658,48.2945,12.0736,27641835.794,34552.2947,0,0,0,-1.0,[],[]
ALL,RL_MULTILAYER_DISABLED,900,361152.7443,0.9988,163456.1048,0.452,524608.8491,1.4508,9104.2933,0.3089,81416.6422,2.7628,90520.9355,3.0717,1.573,378000,348475,0,29469,0,56,0,42750,31936,102138,93010,233112,223529,92.18915343915344,1082627.5360029698,473912.035076915,1082627.5360029698,1897887.500008944,0.0,0.0,482.7525529201537,27.139,71.8762,61.397,26.8023,28891737.1143,31924.5714,18.3455,18.3455,51.1197,12.7799,28891667.649,32101.8529,0,0,0,-1.0,[],[]
ALL,RL_MULTILAYER_DISABLED,1000,373507.3039,1.0761,119983.0014,0.3457,493490.3053,1.4218,39167.0271,0.4598,28992123.3159,340.3151,29031290.3429,340.7748,68.3008,420000,334748,0,85192,0,60,0,67434,1959,97792,88500,254774,244289,79.70190476190476,1254703.2695401388,990313.9200000071,1254703.2695401388,1883400.900008978,0.0,0.0,508.63534191739046,22.9387,93.2341,48.9522,22.6481,32177713.6466,32017.6255,28.4947,28.4947,48.871,12.2177,32177636.2809,32177.6363,0,0,0,-1.0,[],[]
ALL,RL_MULTILAYER,100,38731.2584,0.946,3106.1132,0.0759,41837.3716,1.0219,946.4492,0.409,253.1025,0.1094,1199.5517,0.5184,0.995,42000,39679,0,2314,0,7,0,11632,10585,11015,10384,19353,18710,94.47380952380952,34658.571076927285,15880.370461539032,34658.571076927285,207033.54999994457,0.0,0.0,316.95316932060507,21.2449,20.8929,6.67,22.2224,4548764.5063,43321.5667,5.3775,5.3775,5.5593,1.3898,4548753.5695,45487.5357,0,0,0,-1.0,[],[]
ALL,RL_MULTILAYER,200,83403.8651,1.0096,8642.77,0.1046,92046.635,1.1143,1916.768,0.4739,533.874,0.132,2450.642,0.6058,1.0905,84000,79946,0,4045,0,9,0,19296,17916,22675,21180,42029,40850,95.17380952380952,109293.77128203968,51749.23158974334,109293.77128203968,418963.1499995448,0.0,0.0,375.00673296368575,25.4281,35.2139,13.3799,25.7482,8406255.8126,41006.1259,9.1009,9.1009,11.1106,2.7777,8406235.6011,42031.178,0,0,0,-1.0,[],[]
ALL,RL_MULTILAYER,300,129557.0714,1.0612,15097.4204,0.1237,144654.4919,1.1849,3281.721,0.4519,1018.447,0.1402,4300.168,0.5921,1.1516,126000,118715,0,7262,0,23,0,24731,22689,34914,32399,66355,63627,94.21825396825396,193287.86984603194,92153.82123077026,193287.86984603194,623062.1999998981,0.0,0.0,382.7040148525041,27.9766,42.9165,19.9883,28.0712,11473449.6513,37617.8677,11.0331,11.0331,16.5531,4.1383,11473422.0652,38244.7402,0,0,0,-1.0,[],[]
ALL,RL_MULTILAYER,400,181868.9643,1.1022,25670.3903,0.1556,207539.3545,1.2577,3537.8564,0.4313,2549.1011,0.3108,6086.9576,0.7421,1.2333,168000,159756,0,8202,0,42,0,27528,25037,42376,39792,98096,94927,95.09285714285714,316675.1027690962,151348.20061538598,316675.1027690962,834111.0500011786,0.0,0.0,447.7698037558184,30.5513,51.823,26.0654,30.5374,14640170.5621,36148.5693,13.4396,13.4396,21.7601,5.44,14640135.3623,36600.3384,0,0,0,-1.0,[],[]
ALL,RL_MULTILAYER,500,221296.815,1.0736,40888.1253,0.1984,262184.9403,1.2719,4197.1935,0.3816,4767.4037,0.4334,8964.5972,0.815,1.2488,210000,198956,0,11000,0,44,0,29536,26714,55963,52566,124501,119676,94.74095238095238,444154.2474871235,205158.99979487254,444154.2474871235,1045008.5500021735,0.0,0.0,453.4663186444148,30.032,56.8097,31.9515,29.9171,17148556.95,33957.5385,14.7741,14.7741,26.4567,6.6142,17148515.7192,34297.0314,0,0,0,-1.0,[],[]
ALL,RL_MULTILAYER,600,257582.5977,1.0523,52873.3989,0.216,310455.9966,1.2683,5718.4299,0.3779,8044.6701,0.5316,13763.1,0.9095,1.2474,252000,236823,0,15133,0,44,0,31367,27338,62914,58380,157719,151105,93.97738095238095,568474.8646157801,260459.63969230623,568474.8646157801,1262812.9500036605,0.0,0.0,487.13925835555773,29.238,60.1284,39.0417,29.0432,20052252.3504,33144.2188,15.6099,15.6099,32.6021,8.1505,20052204.1384,33420.3402,0,0,0,-1.0,[],[]
ALL,RL_MULTILAYER,700,301763.8513,1.0503,66397.3007,0.2311,368161.1519,1.2814,6283.3265,0.3608,10834.5882,0.6222,17117.9148,0.9831,1.2644,294000,276529,0,17413,0,58,0,33414,29012,70096,64998,190490,182519,94.05748299319728,706928.7572323221,323103.03446155286,706928.7572323221,1460372.2500054436,0.0,0.0,517.82629973271,29.9526,62.3702,43.5849,29.7456,21853545.3154,30997.9366,16.1467,16.1467,36.3961,9.099,21853492.7726,31219.2754,0,0,0,-1.0,[],[]
ALL,RL_MULTILAYER,800,345268.1515,1.0577,80535.3364,0.2467,425803.4879,1.3045,8586.9933,0.4103,18667.5757,0.8919,27254.5691,1.3022,1.3043,336000,314996,0,20930,0,74,0,34528,28661,74738,68909,226734,217426,93.74880952380953,829614.229233107,380306.2316923135,829614.229233107,1678967.7000069593,0.0,0.0,528.9061301224162,30.4486,65.2339,49.0461,30.2212,24154507.1489,30005.5989,16.8865,16.8865,41.1883,10.2971,24154449.0741,30193.0613,0,0,0,-1.0,[],[]
ALL,RL_MULTILAYER,900,404852.074,1.1046,110461.3446,0.3014,515313.4186,1.406,7701.7846,0.3318,31849.6271,1.3719,39551.4117,1.7037,1.4237,378000,354713,0,23215,0,72,0,37700,30504,86850,80689,253450,243520,93.839417989418,974664.118464371,444027.198769206,974664.118464371,1863535.3500086912,0.0,0.0,524.8904983096868,32.6682,67.9004,50.3381,32.4721,24647094.552,27234.3586,17.4923,17.4923,41.7669,10.4417,24647035.2928,27385.5948,0,0,0,-1.0,[],[]
ALL,RL_MULTILAYER,1000,448633.2099,1.1027,138597.4304,0.3407,587230.6402,1.4434,9615.5166,0.3365,54186.6374,1.896,63802.1539,2.2325,1.4952,420000,391342,0,28579,0,79,0,41586,32775,92032,84733,286382,273834,93.17666666666666,1075891.2116958338,486736.0941538499,1075891.2116958338,2070908.1500104307,0.0,0.0,535.3339621638767,32.8008,67.1175,56.2209,32.5874,26593611.0105,26461.3045,17.0455,17.0455,46.8937,11.7234,26593547.0714,26593.5471,0,0,0,-1.0,[],[]
ALL,INCREASE_LIFETIME,100,18450.8064,0.4556,1552.021,0.0383,20002.8273,0.4939,821.8463,0.2124,478.2,0.1236,1300.0463,0.3359,0.4802,42000,38130,0,3870,0,0,0,9026,6635,32974,31495,0,0,90.78571428571429,33501.3527179444,12832.227179487301,33501.3527179444,219629.6999998637,0.0,0.0,87.33447270484882,0.9622,12.928,12.404,0,5351195.4767,50963.7664,3.164,3.164,9.7027,2.4257,5351182.6099,53511.8261,0,0,0,-1.0,[],[]
ALL,INCREASE_LIFETIME,200,38196.5528,0.4758,7629.4286,0.095,45825.9814,0.5709,1785.6646,0.24,222.7189,0.0299,2008.3836,0.27,0.5454,84000,76549,0,7439,0,12,0,15766,15032,54924,48862,13310,12655,91.1297619047619,199326.28338454518,95451.14338461732,199326.28338454518,451205.99999919673,0.0,0.0,238.1677224366814,2.5586,43.9665,18.1183,1.6949,10597994.5654,51697.5345,11.8325,11.8325,13.6494,3.4124,10597969.0834,52989.8454,0,0,0,-1.0,[],[]
ALL,INCREASE_LIFETIME,300,70865.1352,0.5769,18997.8697,0.1546,89863.0049,0.7315,2723.9851,0.2718,1229.7968,0.1227,3953.7819,0.3945,0.7061,126000,115958,0,10023,0,19,0,27870,24481,74280,68993,23850,22484,92.03015873015873,125520.29928200955,30684.144205127333,125520.29928200955,670846.2000002433,0.0,0.0,252.66643140148648,8.9018,14.1286,32.7192,8.3435,11908870.6125,39045.4774,2.5,2.5,26.1346,6.5337,11908841.9779,39696.1399,0,0,0,-1.0,[],[]
ALL,INCREASE_LIFETIME,400,91144.533,0.5632,42222.0919,0.2609,133366.6249,0.8241,4241.1528,0.301,2063.9356,0.1465,6305.0884,0.4475,0.7939,168000,153874,0,14091,0,35,0,31445,29375,101596,93059,34959,31440,91.59166666666667,465030.4325131366,188614.3851282047,465030.4325131366,902315.3000022457,0.0,0.0,262.4430133223996,8.2376,46.1944,37.098,7.5984,16753181.9903,41365.8815,11.6165,11.6165,28.6656,7.1664,16753141.7083,41882.8543,0,0,0,-1.0,[],[]
ALL,INCREASE_LIFETIME,500,113342.8149,0.5547,51987.6091,0.2544,165330.4241,0.8092,5557.0314,0.3095,3367.9779,0.1876,8925.0092,0.4971,0.784,210000,192007,0,17954,0,39,0,41557,38382,91187,82950,77256,70675,91.43190476190476,377520.12820542714,117899.55466666797,377520.12820542714,1122104.8000045156,0.0,0.0,393.9793979419631,7.2889,27.8044,58.0881,6.5432,22587149.5029,44727.0287,5.7408,5.7408,48.5677,12.1419,22587095.1944,45174.1904,0,0,0,-1.0,[],[]
ALL,INCREASE_LIFETIME,600,143332.0257,0.5892,71148.3421,0.2925,214480.3678,0.8816,6228.5824,0.2872,4722.0014,0.2177,10950.5838,0.5049,0.8508,252000,230214,0,21689,0,97,0,38063,35518,118531,104548,95406,90148,91.3547619047619,903482.9406169232,400569.7636922994,903482.9406169232,1353315.3500073268,0.0,0.0,391.0402901492199,10.2076,63.9518,51.084,9.6041,23643846.5093,39080.738,16.3924,16.3924,40.4568,10.1142,23643789.6601,39406.3161,0,0,0,-1.0,[],[]
ALL,INCREASE_LIFETIME,700,186282.2059,0.652,80594.4509,0.2821,266876.6567,0.9341,7247.0671,0.2897,5757.1101,0.2301,13004.1772,0.5198,0.9007,294000,268867,0,25017,0,116,0,39577,36825,144843,128070,109580,103972,91.45136054421769,1161150.9854386367,545211.4171282046,1161150.9854386367,1572960.7500101668,0.0,0.0,376.05190959430877,15.4484,73.299,39.903,15.0778,19825627.3728,28121.4573,19.0117,19.0117,28.6577,7.1644,19825579.7034,28322.2567,0,0,0,-1.0,[],[]
ALL,INCREASE_LIFETIME,800,225252.1453,0.6936,90150.5257,0.2776,315402.671,0.9713,8761.811,0.3004,7729.9796,0.265,16491.7906,0.5654,0.9378,336000,306691,0,29170,0,139,0,45914,41112,160231,143382,129855,122197,91.27708333333334,1147758.3879006407,534193.7063589798,1147758.3879006407,1816214.9500130229,0.0,0.0,384.620848744669,18.0851,65.2018,40.5892,17.7994,18900735.9277,23479.1751,19429.6516,19429.6516,244082.4609,61020.6152,18637223.8152,23296.5298,0,0,0,-1.0,[],[]
ALL,INCREASE_LIFETIME,900,249959.1152,0.6839,111717.1816,0.3057,361676.2968,0.9896,10650.6041,0.315,10988.4198,0.325,21639.0238,0.6399,0.96,378000,344028,0,33814,0,158,0,49068,42728,162739,147345,166193,153955,91.01269841269841,1232212.9325157993,550079.808205132,1232212.9325157993,2023856.8500157595,0.0,0.0,405.8030761580328,17.3248,61.3335,52.8482,16.9801,22777000.7931,25167.9567,14.9285,14.9285,39.8371,9.9593,22776946.0275,25307.7178,0,0,0,-1.0,[],[]
ALL,INCREASE_LIFETIME,1000,276081.4153,0.6808,130494.7005,0.3218,406576.1158,1.0026,12632.3838,0.3295,14026.912,0.3659,26659.2958,0.6954,0.9761,420000,381525,0,38336,0,139,0,47837,41268,156710,141854,215453,198403,90.83928571428571,1494566.0863617072,666742.1109743572,1494566.0863617072,2255399.450011077,0.0,0.0,439.3340668098933,16.9715,65.9748,61.8269,16.5908,26949264.7516,26815.1888,16.3282,16.3282,48.468,12.117,26949199.9553,26949.2,0,0,0,-1.0,[],[]
ALL,LATENCY_ENERGY_AWARE,100,25703.325,0.634,1997.9923,0.0493,27701.3173,0.6833,1480.7356,0.3861,171.583,0.0447,1652.3185,0.4309,0.6615,42000,38163,0,3835,0,2,0,5568,5095,31341,28420,5091,4648,90.86428571428571,25545.41312820447,6708.400512820587,25545.41312820447,216685.7999998704,0.0,0.0,217.25158464046874,8.9791,6.8178,12.0344,8.8114,4620900.3337,44008.5746,1.671,1.671,9.4398,2.36,4620889.2229,46208.8922,0,0,0,-1.0,[],[]
ALL,LATENCY_ENERGY_AWARE,200,63301.3853,0.7919,8067.7764,0.1009,71369.1617,0.8928,3772.5413,0.4809,675.2869,0.0861,4447.8282,0.567,0.8637,84000,76117,0,7844,0,39,0,9792,8822,55168,50417,19040,16878,90.61547619047619,85557.47425639916,24155.660102564212,85557.47425639916,445212.84999921866,0.0,0.0,290.6722043221712,15.9009,12.3305,21.9256,15.7298,8465929.4936,41297.217,3.0343,3.0343,17.3216,4.3304,8465909.1377,42329.5457,0,0,0,-1.0,[],[]
ALL,LATENCY_ENERGY_AWARE,300,108090.6365,0.8877,17287.6099,0.142,125378.2464,1.0297,7219.2845,0.6522,1392.6483,0.1258,8611.9328,0.778,1.0088,126000,114847,0,11069,0,84,0,13185,12148,74304,68288,38511,34411,91.1484126984127,164469.99005119898,49951.33128205167,164469.99005119898,660515.6500001649,0.0,0.0,355.69502546388895,21.8614,16.8597,28.9219,21.7323,11124808.4526,36474.7818,4.1386,4.1386,22.6104,5.6526,11124781.7036,37082.6057,0,0,0,-1.0,[],[]
ALL,LATENCY_ENERGY_AWARE,400,156388.7053,0.976,28693.7584,0.1791,185082.4637,1.1551,11418.7267,0.716,2747.3584,0.1723,14166.085,0.8883,1.1309,168000,151950,0,15947,0,103,0,15949,14537,89792,81801,62259,55612,90.44642857142857,250369.31784592,77528.29415384658,250369.31784592,890053.300002169,0.0,0.0,410.63170539179066,25.7368,19.7755,35.4939,25.5991,13664732.8112,33740.081,4.8558,4.8558,28.0001,7,13664699.9553,34161.7499,0,0,0,-1.0,[],[]
ALL,LATENCY_ENERGY_AWARE,500,204100.1994,1.0115,43272.7966,0.2145,247372.996,1.226,15390.682,0.755,5639.1574,0.2766,21029.8394,1.0316,1.2081,210000,189474,0,20385,0,141,0,18240,16526,102765,93062,88995,79886,90.22571428571429,375732.6703593096,123486.72912820496,375732.6703593096,1110698.3500043978,0.0,0.0,451.17318049346216,27.9854,24.73,42.7278,27.7997,16592110.5986,32855.6646,6.1248,6.1248,33.7695,8.4424,16592070.7043,33184.1414,0,0,0,-1.0,[],[]
ALL,LATENCY_ENERGY_AWARE,600,264927.3577,1.1027,51404.3358,0.214,316331.6935,1.3166,20823.3144,0.8341,5399.6121,0.2163,26222.9266,1.0503,1.2916,252000,226840,0,24966,0,194,0,20176,18434,113664,103070,118160,105336,90.01587301587301,459275.4852314269,153498.74892307742,459275.4852314269,1340643.9500071607,0.0,0.0,475.90274486430553,32.317,25.9702,45.685,32.1861,17587344.2281,29069.9905,6.3786,6.3786,35.9086,8.9771,17587301.9409,29312.1699,0,0,0,-1.0,[],[]
ALL,LATENCY_ENERGY_AWARE,700,322864.4112,1.1485,61205.1776,0.2177,384069.5888,1.3663,26360.7312,0.8914,6496.026,0.2197,32856.7572,1.1111,1.342,294000,264124,0,29571,0,305,0,21840,20035,122951,111415,149209,132674,89.83809523809524,553730.2538473908,190101.47507692227,553730.2538473908,1556081.400009869,0.0,0.0,499.744063280527,35.1384,27.5587,48.7545,35.0268,18706421.9288,26533.9318,6.7459,6.7459,38.2318,9.558,18706376.9511,26723.3956,0,0,0,-1.0,[],[]
ALL,LATENCY_ENERGY_AWARE,800,386414.1626,1.2086,77275.1831,0.2417,463689.3457,1.4503,31371.5371,0.9127,8564.5502,0.2492,39936.0873,1.1618,1.4223,336000,301298,0,34373,0,329,0,23264,21237,131069,118404,181667,161657,89.67202380952381,654107.1307715297,229946.46338461564,654107.1307715297,1787949.5000126192,0.0,0.0,523.2633465132525,37.5364,29.0264,51.6503,37.4365,19905026.9668,24726.7416,7.1363,7.1363,40.7232,10.1808,19904979.1074,24881.2239,0,0,0,-1.0,[],[]
ALL,LATENCY_ENERGY_AWARE,900,448944.7967,1.2477,90456.3095,0.2514,539401.1062,1.4991,35481.5872,0.9032,11055.6422,0.2814,46537.2294,1.1846,1.4681,378000,338303,0,39286,0,411,0,24525,22333,138112,123707,215363,192263,89.49814814814815,779388.8172343108,284244.21692307567,779388.8172343108,2006328.650015368,0.0,0.0,538.8392734455915,39.3824,31.5902,54.8154,39.2825,21239336.507,23468.8801,7.8115,7.8115,43.2559,10.814,21239285.4396,23599.206,0,0,0,-1.0,[],[]
ALL,LATENCY_ENERGY_AWARE,1000,514962.7291,1.2904,96782.6348,0.2425,611745.3639,1.533,41726.6277,0.9412,13372.0558,0.3016,55098.6834,1.2428,1.504,420000,375200,0,44334,0,466,0,25616,23321,144285,128731,250099,223148,89.33333333333333,840788.5073892691,306866.8516923074,840788.5073892691,2237654.9000114813,0.0,0.0,554.1563706151295,41.5109,31.1551,56.7456,41.4266,21761044.4886,21652.7806,7.6209,7.6209,44.7007,11.1752,21760992.167,21760.9922,0,0,0,-1.0,[],[]
